modo,n_nos,n_arestas,vel_media,vel_min,vel_max,tempo_medio
carro,32142,90912,32.44346180922211,10.0,80.0,12.335230426209437
moto,32142,90912,29.146174322421682,9.0,64.0,13.71416263078364
pe,32142,90912,4.964911122844069,0.0,5.0,inf
